,0
0,https://download.ccleaner.com/sunset/ccsetup564_xp-vista.exe
1,https://www.helpandmanual.com/download/snipsvg-setup.exe
2,https://sourceforge.net/projects/systeminformer/files/systeminformer-3.1.24298-release-setup.exe/download
3,https://www.texteditor.pro/downloads/TextEditorPro32.exe
4,https://github.com/pawelsalawa/sqlitestudio/releases/download/3.4.9/SQLiteStudio-3.4.9-windows-installer.exe
5,https://multicommander.com/Downloads//files/updates/MultiCommander_x64_(14.4.0.3047).exe
6,https://www.diskanalyzer.com/download/files/wiztree_4_23_setup.exe
7,https://portableapps.com/download//downloading/?a=PortableApps.comPlatform&s=s&d=pa&n=The%20PortableApps.com%20Platform&f=PortableApps.com_Platform_Setup_29.5.3.paf.exe
8,https://github.com/kovidgoyal/calibre/releases/download/v7.22.0/calibre-portable-installer-7.22.0.exe
9,https://www.wscc-app.com/main/downloads.php?dlf=wscc_x64_setup.exe/../downloads/wscc_x64_setup.exe
10,https://rj-texted.se/#download/downloads/rj-install_x64.exe
11,https://www.foobar2000.org/download//getfile/foobar2000-arm64ec_v2.24.exe
12,https://www.hwinfo.com/files/hwi64_816.exe
13,https://aka.ms/vs/16/release/vc_redist.x64.exe
14,https://www.xdlab.ru/en/download.htm//files/tagscan-6.1.18-setup.exe
15,https://osdn.net/projects/crystaldiskmark/downloads/71859/CrystalDiskMark7_0_0h.exe/
16,https://sourceforge.net/projects/shotcut/files/v24.11.17/shotcut-win64-241117.exe/download
17,"https://portableapps.com/apps/internet/firefox_portable//redirect/?a=FirefoxPortable&s=s&p=&n=Mozilla Firefox, Portable Edition&d=sfpa&f=FirefoxPortable_132.0.2_Slovak.paf.exe"
18,https://github.com/FreeCAD/FreeCAD/releases//FreeCAD/FreeCAD/releases/download/1.0.0/FreeCAD_1.0.0-conda-Windows-x86_64-installer-1.exe-SHA256.txt
19,https://download.mp3tag.de/mp3tagv328-x64-setup.exe
20,https://portableapps.com/apps/internet/google-chrome-portable-64//downloading/?a=GoogleChromePortableLegacyWin764&s=s&p=&d=pa&f=GoogleChromePortableLegacyWin764_109.0.5414.120_online.paf.exe
21,https://mediaarea.net/en/MediaInfo/Download/Windows///mediaarea.net/download/binary/mediainfo-gui/21.03/MediaInfo_GUI_21.03_Windows.exe
22,https://github.com/localsend/localsend/releases//localsend/localsend/releases/download/v1.16.1/LocalSend-1.16.1-windows-x86-64.exe
23,https://www.cpuid.com/softwares/cpu-z.html//downloads/cpu-z/cpu-z_1.87-en.exe
24,https://sourceforge.net/projects/qbittorrent/files/qbittorrent-win32/qbittorrent-5.0.2/qbittorrent_5.0.2_lt20_qt6_x64_setup.exe.asc/download
25,https://downloads.vivaldi.com/stable/Vivaldi.5.6.2867.62.x64.exe
26,https://mkvtoolnix.download/downloads.html#windows/windows/releases/88.0/mkvtoolnix-64-bit-88.0-setup.exe
27,http://prdownloads.sourceforge.net/akelpad/AkelPad-3.7.4-setup.exe?download
28,https://gottcode.org/focuswriter/FocusWriter_1.8.9.exe.asc
29,https://fastcopy.jp///archive/FastCopy5.8.0_installer.exe
30,https://download.microsoft.com/download/1/6/5/165255E7-1014-4D0A-B094-B6A430A6BFFC/vcredist_x86.exe
31,https://www.giuspen.net/software/cherrytree_0.39.4_setup.exe
32,https://www.cpuid.com/softwares/hwmonitor.html//downloads/hwmonitor/hwmonitor_1.41.exe
33,https://download.bitcomet.com/achive/BitComet_0.85_setup.exe
34,https://github.com/mamedev/mame/releases/download/mame0272/mame0272s.exe
35,https://wildbit-soft.fi/download/dev/6_14/ViewerSetupwohelp.exe
36,https://portableapps.com/apps/utilities/portableapps.com_appcompactor//downloading/?a=PortableApps.comAppCompactor&s=s&p=&d=pa&n=PortableApps.com AppCompactor&f=PortableApps.comAppCompactor_3.7.8_English.paf.exe
37,https://portableapps.com/apps/utilities/7-zip_portable//downloading/?a=7-ZipPortable&s=s&p=&d=pa&n=7-Zip Portable&f=7-ZipPortable_24.08.paf.exe
38,https://www.diskgenius.com/download.php//dyna_download/?software=DGEngSetup5611580.exe
39,https://github.com/cyanfish/naps2/releases/download/v7.5.2/naps2-7.5.2-win.exe
40,https://www.heidisql.com/download.php?download=portable-64//builds/heidisql64.r6943.exe
41,https://gottcode.org/tetzle/Tetzle_3.0.0.exe.asc
42,https://portableapps.com/apps/utilities/winmerge_portable//downloading/?a=WinMergePortable&s=s&p=&d=pa&n=WinMerge Portable&f=WinMergePortable_2.16.40.paf.exe
43,https://cdn.openttd.org/openttd-releases/14.1/openttd-14.1-windows-arm64.exe
44,https://portableapps.com/apps/internet/seamonkey_portable//redirect/?a=SeaMonkeyPortable&s=s&p=&n=SeaMonkey Portable&d=sfpa&f=SeaMonkeyPortable_2.53.19_Finnish.paf.exe
45,https://antibody-software.com/wizfile/download//files/wizfile_3_10_setup.exe
46,https://portableapps.com/apps/graphics_pictures/gimp_portable//downloading/?a=GIMPPortableLegacyWinXP&s=s&p=&d=pa&n=GIMP%20Portable&f=GIMPPortableLegacyWinXP_2.8.22.paf.exe
47,https://registry-finder.com//bin/2.59.0.0/RegistryFinderSetup2.59.exe
48,https://portableapps.com/apps/utilities/java_portable_64//downloading/?a=Java64&s=s&p=&d=pa&n=jPortable64&f=jPortable64_8_Update_411_online.paf.exe
49,https://advancedrenamer.com/download//down/advanced_renamer_setup_3_95_4.exe
50,https://portableapps.com/apps/office/sigil-portable//support/antivirus?n=Sigil Portable&a=SigilPortable&v=2.1.0&f=SigilPortable_2.1.0.paf.exe&h=a5f6e52e74f179fd084e98d416c60de7b92fe8aee63765f0015cc61f6773559d
51,https://osdn.net/projects/crystaldiskmark/downloads/68567/CrystalDiskMark5_5_0Shizuku.exe/
52,https://miranda-ng.org/downloads///distr/stable/miranda-ng-v0.96.5_x64.exe
53,https://softpedia-secure-download.com/dl/8c58584967a42279288d980a09f6774f/60116244/100113391/software/multimedia/graphic/Riot-setup-x64.exe
54,https://syndicode.org/infekt/downloads/v1.3.0/iNFekt-v1.3.0-setup.exe
55,https://www.sumatrapdfreader.org/download-free-pdf-viewer//dl/rel/3.5.2/SumatraPDF-3.5.2-arm64-install.exe
56,https://portableapps.com/apps/graphics_pictures/krita-portable//downloading/?a=KritaPortable&s=s&p=&d=pa&n=Krita Portable&f=KritaPortable_5.2.2.paf.exe
57,https://portableapps.com/apps/education/stellarium_portable//downloading/?a=StellariumPortable&s=s&p=&d=pa&n=Stellarium Portable&f=StellariumPortable_24.1.0.paf.exe
58,https://openmpt.org/download_file.php?file=OpenMPT-1.31.13.00-Setup.exe
59,https://portableapps.com/apps/utilities/sumo-portable//support/antivirus?n=SUMo Portable (Discontinued)&a=SUMoPortable&v=5.17.10.542 Discontinued&f=SUMoPortable_5.17.10.542_Discontinued_English.paf.exe&h=6d4ebe2beb331cf25ead5d8eed1dbc3229733cce95aefea5dd4186327adf3b0e
60,https://www.microsystools.com/products/launcher///products/launcher/launcher-setup.exe
61,https://aprelium.com/abyssws/download.php//data/abwsx1.exe
62,https://www.deeproot.co.uk/extrakeys_downloads.html/downloads/ExtraKeysPro_x86_setup.exe
63,https://pspad.poradna.net/release/pspad507_setup.exe
64,https://ukrebs-software.de/english/back4sure/download.html/../../download/back4sure/Back4Sure64Setup.exe
65,https://executor.dk/download/downloads/ExecutorSetup9912-32bit.exe
66,https://www.sumatrapdfreader.org/download-free-pdf-viewer//dl/rel/3.5.2/SumatraPDF-3.5.2-install.exe
67,https://portableapps.com/apps/graphics_pictures/krita-portable//downloading/?a=KritaPortable&s=s&p=&d=pa&n=Krita Portable&f=KritaPortable_5.2.2.paf.exe
68,https://portableapps.com/apps/education/stellarium_portable//downloading/?a=StellariumPortable&s=s&p=&d=pa&n=Stellarium Portable&f=StellariumPortable_24.1.0.paf.exe
69,https://openmpt.org/download_file.php?file=OpenMPT-1.31.13.00-Setup.exe
70,https://portableapps.com/apps/utilities/sumo-portable//support/antivirus?n=SUMo Portable (Discontinued)&a=SUMoPortable&v=5.17.10.542 Discontinued&f=SUMoPortable_5.17.10.542_Discontinued_English.paf.exe&h=6d4ebe2beb331cf25ead5d8eed1dbc3229733cce95aefea5dd4186327adf3b0e
71,https://www.microsystools.com/products/launcher///products/launcher/launcher-setup.exe
72,https://aprelium.com/abyssws/download.php//data/abwsx1.exe
73,https://www.deeproot.co.uk/extrakeys_downloads.html/downloads/ExtraKeys_x86_setup.exe
74,https://pspad.poradna.net/release/pspad507_setup.exe
75,https://ukrebs-software.de/english/back4sure/download.html/../../download/back4sure/Back4Sure64Setup.exe
76,https://executor.dk/download/downloads/ExecutorSetup9912-32bit.exe
77,https://www.sumatrapdfreader.org/download-free-pdf-viewer//dl/rel/3.5.2/SumatraPDF-3.5.2-64-install.exe
78,https://portableapps.com/apps/graphics_pictures/krita-portable//support/antivirus?n=Krita Portable&a=KritaPortable&v=5.2.2&f=KritaPortable_5.2.2.paf.exe&h=9dea80133da0a167d9af2cdf79bc03fcf9dea19e79bbed61e79fc0d3c9bff8b1
79,https://portableapps.com/apps/education/stellarium_portable//downloading/?a=StellariumPortableLegacyWinXP&s=s&p=&d=pa&n=Stellarium%20Portable&f=StellariumPortableLegacyWinXP_0.13.3.paf.exe
80,https://openmpt.org/download_file.php?file=OpenMPT-1.31.13.00-Setup.exe
81,https://portableapps.com/apps/utilities/sumo-portable//downloading/?a=SUMoPortable&s=s&p=&d=pa&n=SUMo Portable (Discontinued)&f=SUMoPortable_5.17.10.542_Discontinued_English.paf.exe
82,https://www.microsystools.com/products/launcher///products/launcher/launcher-setup.exe
83,https://aprelium.com/abyssws/download.php//data/abwsx1.exe
84,https://www.deeproot.co.uk/extrakeys_downloads.html/downloads/ExtraKeys_x86_setup.exe
85,https://pspad.poradna.net/release/pspad507_setup.exe
86,https://ukrebs-software.de/english/back4sure/download.html/../../download/back4sure/Back4SureSetup.exe
87,https://executor.dk/download/downloads/ExecutorSetup9912-32bit.exe
88,https://www.sumatrapdfreader.org/download-free-pdf-viewer//dl/rel/3.5.2/SumatraPDF-3.5.2-arm64-install.exe
89,https://portableapps.com/apps/graphics_pictures/krita-portable//support/antivirus?n=Krita Portable&a=KritaPortable&v=5.2.2&f=KritaPortable_5.2.2.paf.exe&h=9dea80133da0a167d9af2cdf79bc03fcf9dea19e79bbed61e79fc0d3c9bff8b1
90,https://portableapps.com/apps/education/stellarium_portable//support/antivirus?n=Stellarium Portable&a=StellariumPortable&v=24.1.0&f=StellariumPortable_24.1.0.paf.exe&h=5506e9be718b99e8048f4bb9f3031e1c0cdc8edb41e28d3037a4d66051f7dd39
91,https://openmpt.org/download_file.php?file=OpenMPT-1.31.13.00-RETRO-Setup.exe
92,https://portableapps.com/apps/utilities/sumo-portable//downloading/?a=SUMoPortable&s=s&p=&d=pa&n=SUMo Portable (Discontinued)&f=SUMoPortable_5.17.10.542_Discontinued_English.paf.exe
93,https://www.microsystools.com/products/launcher///products/launcher/launcher-setup.exe
94,https://aprelium.com/abyssws/download.php//data/abwsx1.exe
95,https://www.deeproot.co.uk/extrakeys_downloads.html/downloads/ExtraKeysPro_x64_setup.exe
96,https://pspad.poradna.net/release/pspad507_setup.exe
97,https://ukrebs-software.de/english/back4sure/download.html/../../download/back4sure/Back4SureSetup.exe
98,https://executor.dk/download/downloads/ExecutorSetup9912-32bit.exe
99,https://www.sumatrapdfreader.org/download-free-pdf-viewer//dl/rel/3.5.2/SumatraPDF-3.5.2-64-install.exe
100,https://portableapps.com/apps/graphics_pictures/krita-portable//downloading/?a=KritaPortable&s=s&p=&d=pa&n=Krita Portable&f=KritaPortable_5.2.2.paf.exe
101,https://portableapps.com/apps/education/stellarium_portable//downloading/?a=StellariumPortable&s=s&p=&d=pa&n=Stellarium Portable&f=StellariumPortable_24.1.0.paf.exe
102,https://openmpt.org/download_file.php?file=OpenMPT-1.31.13.00-RETRO-Setup.exe
103,https://portableapps.com/apps/utilities/sumo-portable//downloading/?a=SUMoPortable&s=s&p=&d=pa&n=SUMo Portable (Discontinued)&f=SUMoPortable_5.17.10.542_Discontinued_English.paf.exe
104,https://www.microsystools.com/products/launcher///products/launcher/launcher-setup.exe
105,https://aprelium.com/abyssws/download.php//data/abwsx1.exe
106,https://www.deeproot.co.uk/extrakeys_downloads.html/downloads/ExtraKeysPro_x64_setup.exe
107,https://pspad.poradna.net/release/pspad507_setup.exe
108,https://ukrebs-software.de/english/back4sure/download.html/../../download/back4sure/Back4SureSetup_1_0_1.exe
109,https://executor.dk/download/downloads/ExecutorSetup9912-32bit.exe
110,https://www.sumatrapdfreader.org/download-free-pdf-viewer//dl/rel/3.5.2/SumatraPDF-3.5.2-install.exe
111,https://portableapps.com/apps/graphics_pictures/krita-portable//downloading/?a=KritaPortableLegacyx86&s=s&p=&d=pa&n=Krita%20Portable&f=KritaPortableLegacyx86_4.4.3.paf.exe
112,https://portableapps.com/apps/education/stellarium_portable//support/antivirus?n=Stellarium Portable&a=StellariumPortable&v=24.1.0&f=StellariumPortable_24.1.0.paf.exe&h=5506e9be718b99e8048f4bb9f3031e1c0cdc8edb41e28d3037a4d66051f7dd39
113,https://openmpt.org/download_file.php?file=OpenMPT-1.31.13.00-Setup.exe
114,https://portableapps.com/apps/utilities/sumo-portable//downloading/?a=SUMoPortable&s=s&p=&d=pa&n=SUMo Portable (Discontinued)&f=SUMoPortable_5.17.10.542_Discontinued_English.paf.exe
115,https://www.microsystools.com/products/launcher///products/launcher/launcher-setup.exe
116,https://aprelium.com/abyssws/download.php//data/abwsx1.exe
117,https://www.deeproot.co.uk/extrakeys_downloads.html/downloads/ExtraKeys_x86_setup.exe
118,https://pspad.poradna.net/release/pspad507_x64_setup.exe
119,https://ukrebs-software.de/english/back4sure/download.html/../../download/back4sure/Back4SureSetup_1_0_1.exe
120,https://executor.dk/download/downloads/ExecutorSetup9912-32bit.exe
121,https://www.sumatrapdfreader.org/download-free-pdf-viewer//dl/rel/3.5.2/SumatraPDF-3.5.2-arm64-install.exe
122,https://portableapps.com/apps/graphics_pictures/krita-portable//downloading/?a=KritaPortableLegacyx86&s=s&p=&d=pa&n=Krita%20Portable&f=KritaPortableLegacyx86_4.4.3.paf.exe
123,https://portableapps.com/apps/education/stellarium_portable//downloading/?a=StellariumPortable&s=s&p=&d=pa&n=Stellarium Portable&f=StellariumPortable_24.1.0.paf.exe
124,https://openmpt.org/download_file.php?file=OpenMPT-1.31.13.00-RETRO-Setup.exe
125,https://portableapps.com/apps/utilities/sumo-portable//downloading/?a=SUMoPortable&s=s&p=&d=pa&n=SUMo Portable (Discontinued)&f=SUMoPortable_5.17.10.542_Discontinued_English.paf.exe
126,https://www.microsystools.com/products/launcher///products/launcher/launcher-setup.exe
127,https://aprelium.com/abyssws/download.php//data/abwsx1.exe
128,https://www.deeproot.co.uk/extrakeys_downloads.html/downloads/ExtraKeys_x64_setup.exe
129,https://pspad.poradna.net/release/pspad507_setup.exe
130,https://ukrebs-software.de/english/back4sure/download.html/../../download/back4sure/Back4Sure64Setup.exe
131,https://executor.dk/download/downloads/ExecutorSetup9912-32bit.exe
132,https://www.sumatrapdfreader.org/download-free-pdf-viewer//dl/rel/3.5.2/SumatraPDF-3.5.2-install.exe
133,https://portableapps.com/apps/graphics_pictures/krita-portable//downloading/?a=KritaPortable&s=s&p=&d=pa&n=Krita Portable&f=KritaPortable_5.2.2.paf.exe
134,https://portableapps.com/apps/education/stellarium_portable//downloading/?a=StellariumPortableLegacyWinXP&s=s&p=&d=pa&n=Stellarium%20Portable&f=StellariumPortableLegacyWinXP_0.13.3.paf.exe
135,https://openmpt.org/download_file.php?file=OpenMPT-1.31.13.00-Setup.exe
136,https://portableapps.com/apps/utilities/sumo-portable//support/antivirus?n=SUMo Portable (Discontinued)&a=SUMoPortable&v=5.17.10.542 Discontinued&f=SUMoPortable_5.17.10.542_Discontinued_English.paf.exe&h=6d4ebe2beb331cf25ead5d8eed1dbc3229733cce95aefea5dd4186327adf3b0e
137,https://www.microsystools.com/products/launcher///products/launcher/launcher-setup.exe
138,https://aprelium.com/abyssws/download.php//data/abwsx1.exe
139,https://www.deeproot.co.uk/extrakeys_downloads.html/downloads/ExtraKeys_x64_setup.exe
140,https://pspad.poradna.net/release/pspad507_x64_setup.exe
141,https://ukrebs-software.de/english/back4sure/download.html/../../download/back4sure/Back4Sure64Setup.exe
142,https://executor.dk/download/downloads/ExecutorSetup9912-32bit.exe
143,https://www.sumatrapdfreader.org/download-free-pdf-viewer//dl/rel/3.5.2/SumatraPDF-3.5.2-install.exe
144,https://portableapps.com/apps/graphics_pictures/krita-portable//downloading/?a=KritaPortableLegacyWin7x64&s=s&p=&d=pa&n=Krita%20Portable&f=KritaPortableLegacyWin7x64_5.0.6.paf.exe
145,https://portableapps.com/apps/education/stellarium_portable//support/antivirus?n=Stellarium Portable&a=StellariumPortable&v=24.1.0&f=StellariumPortable_24.1.0.paf.exe&h=5506e9be718b99e8048f4bb9f3031e1c0cdc8edb41e28d3037a4d66051f7dd39
146,https://openmpt.org/download_file.php?file=OpenMPT-1.31.13.00-Setup.exe
147,https://portableapps.com/apps/utilities/sumo-portable//downloading/?a=SUMoPortable&s=s&p=&d=pa&n=SUMo Portable (Discontinued)&f=SUMoPortable_5.17.10.542_Discontinued_English.paf.exe
148,https://www.microsystools.com/products/launcher///products/launcher/launcher-setup.exe
149,https://aprelium.com/abyssws/download.php//data/abwsx1.exe
150,https://www.deeproot.co.uk/extrakeys_downloads.html/downloads/ExtraKeys_x86_setup.exe
151,https://pspad.poradna.net/release/pspad507_x64_setup.exe
152,https://ukrebs-software.de/english/back4sure/download.html/../../download/back4sure/Back4SureSetup_1_0_1.exe
153,https://executor.dk/download/downloads/ExecutorSetup9912-32bit.exe
154,https://www.sumatrapdfreader.org/download-free-pdf-viewer//dl/rel/3.5.2/SumatraPDF-3.5.2-arm64-install.exe
155,https://portableapps.com/apps/graphics_pictures/krita-portable//downloading/?a=KritaPortable&s=s&p=&d=pa&n=Krita Portable&f=KritaPortable_5.2.2.paf.exe
156,https://portableapps.com/apps/education/stellarium_portable//support/antivirus?n=Stellarium Portable&a=StellariumPortable&v=24.1.0&f=StellariumPortable_24.1.0.paf.exe&h=5506e9be718b99e8048f4bb9f3031e1c0cdc8edb41e28d3037a4d66051f7dd39
157,https://openmpt.org/download_file.php?file=OpenMPT-1.31.13.00-RETRO-Setup.exe
158,https://portableapps.com/apps/utilities/sumo-portable//downloading/?a=SUMoPortable&s=s&p=&d=pa&n=SUMo Portable (Discontinued)&f=SUMoPortable_5.17.10.542_Discontinued_English.paf.exe
159,https://www.microsystools.com/products/launcher///products/launcher/launcher-setup.exe
160,https://aprelium.com/abyssws/download.php//data/abwsx1.exe
161,https://www.deeproot.co.uk/extrakeys_downloads.html/downloads/ExtraKeys_x64_setup.exe
162,https://pspad.poradna.net/release/pspad507_setup.exe
163,https://ukrebs-software.de/english/back4sure/download.html/../../download/back4sure/Back4Sure64Setup.exe
164,https://executor.dk/download/downloads/ExecutorSetup9912-32bit.exe
165,https://www.sumatrapdfreader.org/download-free-pdf-viewer//dl/rel/3.5.2/SumatraPDF-3.5.2-install.exe
166,https://portableapps.com/apps/graphics_pictures/krita-portable//downloading/?a=KritaPortable&s=s&p=&d=pa&n=Krita Portable&f=KritaPortable_5.2.2.paf.exe
167,https://portableapps.com/apps/education/stellarium_portable//downloading/?a=StellariumPortable&s=s&p=&d=pa&n=Stellarium Portable&f=StellariumPortable_24.1.0.paf.exe
168,https://openmpt.org/download_file.php?file=OpenMPT-1.31.13.00-RETRO-Setup.exe
169,https://portableapps.com/apps/utilities/sumo-portable//support/antivirus?n=SUMo Portable (Discontinued)&a=SUMoPortable&v=5.17.10.542 Discontinued&f=SUMoPortable_5.17.10.542_Discontinued_English.paf.exe&h=6d4ebe2beb331cf25ead5d8eed1dbc3229733cce95aefea5dd4186327adf3b0e
170,https://www.microsystools.com/products/launcher///products/launcher/launcher-setup.exe
171,https://aprelium.com/abyssws/download.php//data/abwsx1.exe
172,https://www.deeproot.co.uk/extrakeys_downloads.html/downloads/ExtraKeys_x64_setup.exe
173,https://pspad.poradna.net/release/pspad507_x64_setup.exe
174,https://ukrebs-software.de/english/back4sure/download.html/../../download/back4sure/Back4SureSetup_1_0_1.exe
175,https://executor.dk/download/downloads/ExecutorSetup9912-32bit.exe
176,https://www.sumatrapdfreader.org/download-free-pdf-viewer//dl/rel/3.5.2/SumatraPDF-3.5.2-64-install.exe
177,https://portableapps.com/apps/graphics_pictures/krita-portable//downloading/?a=KritaPortableLegacyx86&s=s&p=&d=pa&n=Krita%20Portable&f=KritaPortableLegacyx86_4.4.3.paf.exe
178,https://portableapps.com/apps/education/stellarium_portable//downloading/?a=StellariumPortable&s=s&p=&d=pa&n=Stellarium Portable&f=StellariumPortable_24.1.0.paf.exe
179,https://openmpt.org/download_file.php?file=OpenMPT-1.31.13.00-Setup.exe
180,https://portableapps.com/apps/utilities/sumo-portable//support/antivirus?n=SUMo Portable (Discontinued)&a=SUMoPortable&v=5.17.10.542 Discontinued&f=SUMoPortable_5.17.10.542_Discontinued_English.paf.exe&h=6d4ebe2beb331cf25ead5d8eed1dbc3229733cce95aefea5dd4186327adf3b0e
181,https://www.microsystools.com/products/launcher///products/launcher/launcher-setup.exe
182,https://aprelium.com/abyssws/download.php//data/abwsx1.exe
183,https://www.deeproot.co.uk/extrakeys_downloads.html/downloads/ExtraKeys_x64_setup.exe
184,https://pspad.poradna.net/release/pspad507_x64_setup.exe
185,https://ukrebs-software.de/english/back4sure/download.html/../../download/back4sure/Back4SureSetup_1_0_1.exe
186,https://executor.dk/download/downloads/ExecutorSetup9912-32bit.exe
187,https://www.sumatrapdfreader.org/download-free-pdf-viewer//dl/rel/3.5.2/SumatraPDF-3.5.2-64-install.exe
188,https://portableapps.com/apps/graphics_pictures/krita-portable//downloading/?a=KritaPortableLegacyWin7x64&s=s&p=&d=pa&n=Krita%20Portable&f=KritaPortableLegacyWin7x64_5.0.6.paf.exe
189,https://portableapps.com/apps/education/stellarium_portable//support/antivirus?n=Stellarium Portable&a=StellariumPortable&v=24.1.0&f=StellariumPortable_24.1.0.paf.exe&h=5506e9be718b99e8048f4bb9f3031e1c0cdc8edb41e28d3037a4d66051f7dd39
190,https://openmpt.org/download_file.php?file=OpenMPT-1.31.13.00-RETRO-Setup.exe
191,https://portableapps.com/apps/utilities/sumo-portable//support/antivirus?n=SUMo Portable (Discontinued)&a=SUMoPortable&v=5.17.10.542 Discontinued&f=SUMoPortable_5.17.10.542_Discontinued_English.paf.exe&h=6d4ebe2beb331cf25ead5d8eed1dbc3229733cce95aefea5dd4186327adf3b0e
192,https://www.microsystools.com/products/launcher///products/launcher/launcher-setup.exe
193,https://aprelium.com/abyssws/download.php//data/abwsx1.exe
194,https://www.deeproot.co.uk/extrakeys_downloads.html/downloads/ExtraKeys_x64_setup.exe
195,https://pspad.poradna.net/release/pspad507_x64_setup.exe
196,https://ukrebs-software.de/english/back4sure/download.html/../../download/back4sure/Back4SureSetup.exe
197,https://executor.dk/download/downloads/ExecutorSetup9912-32bit.exe
198,https://www.sumatrapdfreader.org/download-free-pdf-viewer//dl/rel/3.5.2/SumatraPDF-3.5.2-64-install.exe
199,https://portableapps.com/apps/graphics_pictures/krita-portable//support/antivirus?n=Krita Portable&a=KritaPortable&v=5.2.2&f=KritaPortable_5.2.2.paf.exe&h=9dea80133da0a167d9af2cdf79bc03fcf9dea19e79bbed61e79fc0d3c9bff8b1
200,https://portableapps.com/apps/education/stellarium_portable//downloading/?a=StellariumPortableLegacyWinXP&s=s&p=&d=pa&n=Stellarium%20Portable&f=StellariumPortableLegacyWinXP_0.13.3.paf.exe
201,https://openmpt.org/download_file.php?file=OpenMPT-1.31.13.00-Setup.exe
202,https://portableapps.com/apps/utilities/sumo-portable//downloading/?a=SUMoPortable&s=s&p=&d=pa&n=SUMo Portable (Discontinued)&f=SUMoPortable_5.17.10.542_Discontinued_English.paf.exe
203,https://www.microsystools.com/products/launcher///products/launcher/launcher-setup.exe
204,https://aprelium.com/abyssws/download.php//data/abwsx1.exe
205,https://www.deeproot.co.uk/extrakeys_downloads.html/downloads/ExtraKeysPro_x64_setup.exe
206,https://pspad.poradna.net/release/pspad507_setup.exe
207,https://ukrebs-software.de/english/back4sure/download.html/../../download/back4sure/Back4Sure64Setup.exe
208,https://executor.dk/download/downloads/ExecutorSetup9912-32bit.exe
209,https://www.sumatrapdfreader.org/download-free-pdf-viewer//dl/rel/3.5.2/SumatraPDF-3.5.2-install.exe
210,https://portableapps.com/apps/graphics_pictures/krita-portable//downloading/?a=KritaPortableLegacyWin7x64&s=s&p=&d=pa&n=Krita%20Portable&f=KritaPortableLegacyWin7x64_5.0.6.paf.exe
211,https://portableapps.com/apps/education/stellarium_portable//downloading/?a=StellariumPortable&s=s&p=&d=pa&n=Stellarium Portable&f=StellariumPortable_24.1.0.paf.exe
212,https://openmpt.org/download_file.php?file=OpenMPT-1.31.13.00-Setup.exe
213,https://portableapps.com/apps/utilities/sumo-portable//downloading/?a=SUMoPortable&s=s&p=&d=pa&n=SUMo Portable (Discontinued)&f=SUMoPortable_5.17.10.542_Discontinued_English.paf.exe
214,https://www.microsystools.com/products/launcher///products/launcher/launcher-setup.exe
215,https://aprelium.com/abyssws/download.php//data/abwsx1.exe
216,https://www.deeproot.co.uk/extrakeys_downloads.html/downloads/ExtraKeysPro_x64_setup.exe
217,https://pspad.poradna.net/release/pspad507_x64_setup.exe
218,https://ukrebs-software.de/english/back4sure/download.html/../../download/back4sure/Back4SureSetup.exe
219,https://executor.dk/download/downloads/ExecutorSetup9912-32bit.exe
220,https://www.sumatrapdfreader.org/download-free-pdf-viewer//dl/rel/3.5.2/SumatraPDF-3.5.2-64-install.exe
221,https://portableapps.com/apps/graphics_pictures/krita-portable//support/antivirus?n=Krita Portable&a=KritaPortable&v=5.2.2&f=KritaPortable_5.2.2.paf.exe&h=9dea80133da0a167d9af2cdf79bc03fcf9dea19e79bbed61e79fc0d3c9bff8b1
222,https://portableapps.com/apps/education/stellarium_portable//downloading/?a=StellariumPortable&s=s&p=&d=pa&n=Stellarium Portable&f=StellariumPortable_24.1.0.paf.exe
223,https://openmpt.org/download_file.php?file=OpenMPT-1.31.13.00-Setup.exe
224,https://portableapps.com/apps/utilities/sumo-portable//support/antivirus?n=SUMo Portable (Discontinued)&a=SUMoPortable&v=5.17.10.542 Discontinued&f=SUMoPortable_5.17.10.542_Discontinued_English.paf.exe&h=6d4ebe2beb331cf25ead5d8eed1dbc3229733cce95aefea5dd4186327adf3b0e
225,https://www.microsystools.com/products/launcher///products/launcher/launcher-setup.exe
226,https://aprelium.com/abyssws/download.php//data/abwsx1.exe
227,https://www.deeproot.co.uk/extrakeys_downloads.html/downloads/ExtraKeys_x64_setup.exe
228,https://pspad.poradna.net/release/pspad507_x64_setup.exe
229,https://ukrebs-software.de/english/back4sure/download.html/../../download/back4sure/Back4Sure64Setup.exe
230,https://executor.dk/download/downloads/ExecutorSetup9912-32bit.exe
