,path,label,fcns,xrefs,calls,strings,symbols,imports,signatures,covrage,codesz,percent
0,/Volumes/malware-dataset/unobfuscated-exes/et.exe,1,0,0,0,127,77,77,0,248,16632,1
1,/Volumes/malware-dataset/unobfuscated-exes/zombie.exe,1,0,0,0,18275,1417,218,0,1744,120528,1
2,/Volumes/malware-dataset/unobfuscated-exes/improved_calc.exe,1,0,0,0,1612,122,48,0,104,8296,1
3,/Volumes/malware-dataset/unobfuscated-exes/hyz.crawller.exe,1,0,0,0,1319,256,256,0,872,263016,0
4,/Volumes/malware-dataset/unobfuscated-exes/reverse.exe,1,0,0,0,75,52,52,0,128,8320,1
5,/Volumes/malware-dataset/unobfuscated-exes/TeleShadow.exe,1,0,0,0,25,59,1,0,4,221188,0
6,/Volumes/malware-dataset/unobfuscated-exes/ehud.exe,1,0,0,0,137,36,15,0,44,4140,1
7,/Volumes/malware-dataset/unobfuscated-exes/Logger2.exe,1,0,0,0,43,19,1,0,4,385028,0
8,/Volumes/malware-dataset/unobfuscated-exes/CryptoJoker.exe,1,0,0,0,22,39,1,0,4,581636,0
9,/Volumes/malware-dataset/unobfuscated-exes/keylogger test 2.exe,1,0,0,0,153,74,74,0,196,86212,0
10,/Volumes/malware-dataset/unobfuscated-exes/calc2.exe,1,0,0,0,80,59,59,0,144,8336,1
11,/Volumes/malware-dataset/unobfuscated-exes/KeyLoggerWIN10.exe,1,0,0,0,159,75,75,0,200,90312,0
12,/Volumes/malware-dataset/unobfuscated-exes/VEx.Destructive.exe,1,0,0,0,22,24,1,0,4,212996,0
13,/Volumes/malware-dataset/unobfuscated-exes/KeyLogger8.exe,1,0,0,0,224,1259,74,0,224,254176,0
14,/Volumes/malware-dataset/unobfuscated-exes/NinjaLSDecryptionManager.exe,1,0,0,0,21,92,1,0,4,65540,0
15,/Volumes/malware-dataset/unobfuscated-exes/Not a Keylogger.exe,1,0,0,0,212,100,39,0,100,8292,1
16,/Volumes/malware-dataset/unobfuscated-exes/LockedOut.exe,1,0,0,0,2351,812,176,0,704,53952,1
17,/Volumes/malware-dataset/unobfuscated-exes/TraceKey.exe,1,0,0,0,4239,4665,137,0,324,938308,0
18,/Volumes/malware-dataset/unobfuscated-exes/Twient.exe,1,0,0,0,18,62,1,0,4,16388,0
19,/Volumes/malware-dataset/unobfuscated-exes/NSS Keylogger.exe,1,0,0,0,524,111,0,0,0,237568,0
20,/Volumes/malware-dataset/unobfuscated-exes/85.exe,1,0,0,0,22,61,1,0,4,24580,0
21,/Volumes/malware-dataset/unobfuscated-exes/HappyVirus_V_Edition.exe,1,0,0,0,18,50,1,0,4,2711556,0
22,/Volumes/malware-dataset/unobfuscated-exes/client.exe,1,0,0,0,621,214,214,0,1408,529792,0
23,/Volumes/malware-dataset/unobfuscated-exes/APUHelp.exe,1,0,0,0,3873,3339,150,0,352,672096,0
24,/Volumes/malware-dataset/unobfuscated-exes/davidLogger.exe,1,0,0,0,2986,3292,157,0,744,586472,0
25,/Volumes/malware-dataset/unobfuscated-exes/SpamBot.exe,1,0,0,0,17,26,1,0,4,16388,0
26,/Volumes/malware-dataset/unobfuscated-exes/Keylogger_v1.0.exe,1,0,0,0,1133,2729,127,0,304,512304,0
27,/Volumes/malware-dataset/unobfuscated-exes/KeyLogger_Windows.exe,1,0,0,0,2888,94,94,0,20,1286164,0
28,/Volumes/malware-dataset/unobfuscated-exes/shiva.exe,1,0,0,0,95,22,1,0,4,114692,0
29,/Volumes/malware-dataset/unobfuscated-exes/bb-keylogger-v0.2-32bits.exe,1,0,0,0,76,126,47,0,104,12392,0
30,/Volumes/malware-dataset/unobfuscated-exes/Microsoft.cleanup.exe,1,0,0,0,4243,4669,137,0,324,938308,0
31,/Volumes/malware-dataset/unobfuscated-exes/Project2.exe,1,0,0,0,182,89,89,0,260,110852,0
32,/Volumes/malware-dataset/unobfuscated-exes/Chat Spammer.exe,1,0,0,0,131,93,1,0,4,524292,0
33,/Volumes/malware-dataset/unobfuscated-exes/davidTrojan.exe,1,0,0,0,1014,125,52,0,232,8424,2
34,/Volumes/malware-dataset/unobfuscated-exes/Keylogger.exe,1,0,0,0,169,76,76,0,208,90320,0
35,/Volumes/malware-dataset/unobfuscated-exes/jellycuda.exe,1,0,0,0,84,50,50,0,28,12316,0
36,/Volumes/malware-dataset/unobfuscated-exes/CryptoLocker_SI.exe,1,0,0,0,18,35,1,0,4,16388,0
37,/Volumes/malware-dataset/unobfuscated-exes/svchost.exe,1,0,0,0,225,121,121,0,824,21304,3
38,/Volumes/malware-dataset/unobfuscated-exes/MessageSpammer.exe,1,0,0,0,21,14,1,0,4,8196,0
39,/Volumes/malware-dataset/unobfuscated-exes/main.exe,1,0,0,0,1358,3325,136,0,324,667972,0
40,/Volumes/malware-dataset/unobfuscated-exes/zombie64.exe,1,0,0,0,17538,1414,215,0,860,99164,0
41,/Volumes/malware-dataset/unobfuscated-exes/Malware.exe,1,0,0,0,573,235,235,0,712,193224,0
42,/Volumes/malware-dataset/unobfuscated-exes/Logger.exe,1,0,0,0,4197,621,140,0,456,102856,0
43,/Volumes/malware-dataset/unobfuscated-exes/Keylogger4.exe,1,0,0,0,3744,3290,136,0,324,667972,0
44,/Volumes/malware-dataset/unobfuscated-exes/gayware.exe,1,0,0,0,192,95,95,0,248,33016,0
45,/Volumes/malware-dataset/unobfuscated-exes/Unknown Logger.exe,1,0,0,0,25,47,1,0,4,1548292,0
46,/Volumes/malware-dataset/unobfuscated-exes/CryptoLite.exe,1,0,0,0,967,237,237,0,1640,312936,0
47,/Volumes/malware-dataset/unobfuscated-exes/Keylogger5.exe,1,0,0,0,1415,4056,128,0,304,749872,0
48,/Volumes/malware-dataset/unobfuscated-exes/Keylogger7.exe,1,0,0,0,4224,4669,137,0,324,938308,0
49,/Volumes/malware-dataset/unobfuscated-exes/Malwaria.exe,1,0,0,0,18,48,1,0,4,24580,0
50,/Volumes/malware-dataset/unobfuscated-exes/WinLog.exe,1,0,0,0,14,16,1,0,4,8196,0
51,/Volumes/malware-dataset/unobfuscated-exes/A Logger.exe,1,0,0,0,76,197,1,0,4,180228,0
52,/Volumes/malware-dataset/unobfuscated-exes/keylogger6.exe,1,0,0,0,2691,2741,147,0,680,471720,0
53,/Volumes/malware-dataset/unobfuscated-exes/Backdoor.exe,1,0,0,0,22,7,0,0,0,8192,0
54,/Volumes/malware-dataset/unobfuscated-exes/keylogger2.exe,1,0,0,0,15247,158,65,0,184,16568,1
55,/Volumes/malware-dataset/unobfuscated-exes/rootkit_installer.exe,1,0,0,0,763,110,110,0,36,102436,0
56,/Volumes/malware-dataset/unobfuscated-exes/MinerDropper.exe,1,0,0,0,21,13,1,0,4,8196,0
57,/Volumes/malware-dataset/unobfuscated-exes/Klg.exe,1,0,0,0,165,76,76,0,188,86204,0
58,/Volumes/malware-dataset/unobfuscated-exes/KeyLogger3.exe,1,0,0,0,211,97,97,0,248,106744,0
59,/Volumes/malware-dataset/unobfuscated-exes/ClientNetwork.exe,1,0,0,0,681,240,240,0,764,103164,0
60,/Volumes/malware-dataset/benign_program_dataset_WinXP_SP3/benign_programs_WinXP_SP3/rdshost.exe,0,0,0,0,133,153,153,0,612,53860,1
61,/Volumes/malware-dataset/benign_program_dataset_WinXP_SP3/benign_programs_WinXP_SP3/qwinsta.exe,0,0,0,0,91,73,73,0,292,16676,1
62,/Volumes/malware-dataset/benign_program_dataset_WinXP_SP3/benign_programs_WinXP_SP3/ping6.exe,0,0,0,0,57,68,68,0,272,28944,0
63,/Volumes/malware-dataset/benign_program_dataset_WinXP_SP3/benign_programs_WinXP_SP3/powercfg.exe,0,0,0,0,26,100,100,0,400,45456,0
64,/Volumes/malware-dataset/benign_program_dataset_WinXP_SP3/benign_programs_WinXP_SP3/mem.exe,0,0,0,0,0,0,0,0,0,41018,0
65,/Volumes/malware-dataset/benign_program_dataset_WinXP_SP3/benign_programs_WinXP_SP3/dumprep.exe,0,0,0,0,21,59,59,0,236,8428,2
66,/Volumes/malware-dataset/benign_program_dataset_WinXP_SP3/benign_programs_WinXP_SP3/krnl386.exe,0,0,0,0,110,110,0,0,0,92224,0
67,/Volumes/malware-dataset/benign_program_dataset_WinXP_SP3/benign_programs_WinXP_SP3/attrib.exe,0,0,0,0,21,86,86,0,344,12632,2
68,/Volumes/malware-dataset/benign_program_dataset_WinXP_SP3/benign_programs_WinXP_SP3/upnpcont.exe,0,0,0,0,91,77,77,0,276,8468,3
69,/Volumes/malware-dataset/benign_program_dataset_WinXP_SP3/benign_programs_WinXP_SP3/alg.exe,0,0,0,0,31,104,104,0,392,37256,1
70,/Volumes/malware-dataset/benign_program_dataset_WinXP_SP3/benign_programs_WinXP_SP3/svchost.exe,0,0,0,0,21,82,82,0,328,12616,2
71,/Volumes/malware-dataset/benign_program_dataset_WinXP_SP3/benign_programs_WinXP_SP3/taskkill.exe,0,0,0,0,96,163,163,0,652,57996,1
72,/Volumes/malware-dataset/benign_program_dataset_WinXP_SP3/benign_programs_WinXP_SP3/mqsvc.exe,0,0,0,0,20,17,17,0,68,4164,1
73,/Volumes/malware-dataset/benign_program_dataset_WinXP_SP3/benign_programs_WinXP_SP3/ntsd.exe,0,0,0,0,26,87,87,0,348,29020,1
74,/Volumes/malware-dataset/benign_program_dataset_WinXP_SP3/benign_programs_WinXP_SP3/logoff.exe,0,0,0,0,58,65,65,0,260,12548,2
75,/Volumes/malware-dataset/benign_program_dataset_WinXP_SP3/benign_programs_WinXP_SP3/tskill.exe,0,0,0,0,62,63,63,0,252,12540,2
76,/Volumes/malware-dataset/benign_program_dataset_WinXP_SP3/benign_programs_WinXP_SP3/control.exe,0,0,0,0,22,28,28,0,112,8304,1
77,/Volumes/malware-dataset/benign_program_dataset_WinXP_SP3/benign_programs_WinXP_SP3/wupdmgr.exe,0,0,0,0,186,34,34,0,136,4232,3
78,/Volumes/malware-dataset/benign_program_dataset_WinXP_SP3/benign_programs_WinXP_SP3/find.exe,0,0,0,0,21,74,74,0,296,8488,3
79,/Volumes/malware-dataset/benign_program_dataset_WinXP_SP3/benign_programs_WinXP_SP3/xcopy.exe,0,0,0,0,22,163,163,0,652,29324,2
80,/Volumes/malware-dataset/benign_program_dataset_WinXP_SP3/benign_programs_WinXP_SP3/nw16.exe,0,0,0,0,0,0,0,0,0,122,0
81,/Volumes/malware-dataset/benign_program_dataset_WinXP_SP3/benign_programs_WinXP_SP3/tscupgrd.exe,0,0,0,0,27,87,87,0,348,41308,0
82,/Volumes/malware-dataset/benign_program_dataset_WinXP_SP3/benign_programs_WinXP_SP3/syncapp.exe,0,0,0,0,207,62,62,0,248,20728,1
83,/Volumes/malware-dataset/benign_program_dataset_WinXP_SP3/benign_programs_WinXP_SP3/chkntfs.exe,0,0,0,0,21,87,87,0,348,12636,2
84,/Volumes/malware-dataset/benign_program_dataset_WinXP_SP3/benign_programs_WinXP_SP3/mrinfo.exe,0,0,0,0,112,40,40,0,160,4256,3
85,/Volumes/malware-dataset/benign_program_dataset_WinXP_SP3/benign_programs_WinXP_SP3/share.exe,0,0,0,0,0,0,0,0,0,370,0
86,/Volumes/malware-dataset/benign_program_dataset_WinXP_SP3/benign_programs_WinXP_SP3/mscdexnt.exe,0,0,0,0,0,0,0,0,0,305,0
87,/Volumes/malware-dataset/benign_program_dataset_WinXP_SP3/benign_programs_WinXP_SP3/autoconv.exe,0,0,0,0,1548,111,111,0,444,389564,0
88,/Volumes/malware-dataset/benign_program_dataset_WinXP_SP3/benign_programs_WinXP_SP3/expand.exe,0,0,0,0,57,60,60,0,240,12528,1
89,/Volumes/malware-dataset/benign_program_dataset_WinXP_SP3/benign_programs_WinXP_SP3/sfc.exe,0,0,0,0,38,41,41,0,164,4260,3
90,/Volumes/malware-dataset/benign_program_dataset_WinXP_SP3/benign_programs_WinXP_SP3/mqbkup.exe,0,0,0,0,20,95,95,0,380,20860,1
91,/Volumes/malware-dataset/benign_program_dataset_WinXP_SP3/benign_programs_WinXP_SP3/smss.exe,0,0,0,0,133,125,125,0,500,45556,1
92,/Volumes/malware-dataset/benign_program_dataset_WinXP_SP3/benign_programs_WinXP_SP3/rsh.exe,0,0,0,0,72,64,64,0,256,8448,3
93,/Volumes/malware-dataset/benign_program_dataset_WinXP_SP3/benign_programs_WinXP_SP3/bootok.exe,0,0,0,0,20,18,18,0,72,4168,1
94,/Volumes/malware-dataset/benign_program_dataset_WinXP_SP3/benign_programs_WinXP_SP3/femgrate.exe,0,0,0,0,36,108,108,0,432,29104,1
95,/Volumes/malware-dataset/benign_program_dataset_WinXP_SP3/benign_programs_WinXP_SP3/mnmsrvc.exe,0,0,0,0,88,116,116,0,464,16848,2
96,/Volumes/malware-dataset/benign_program_dataset_WinXP_SP3/benign_programs_WinXP_SP3/rasautou.exe,0,0,0,0,21,57,57,0,228,8420,2
97,/Volumes/malware-dataset/benign_program_dataset_WinXP_SP3/benign_programs_WinXP_SP3/smbinst.exe,0,0,0,0,24,56,56,0,224,8416,2
98,/Volumes/malware-dataset/benign_program_dataset_WinXP_SP3/benign_programs_WinXP_SP3/magnify.exe,0,0,0,0,159,305,305,0,620,41580,1
99,/Volumes/malware-dataset/benign_program_dataset_WinXP_SP3/benign_programs_WinXP_SP3/asr_ldm.exe,0,0,0,0,40,68,68,0,272,12560,2
100,/Volumes/malware-dataset/benign_program_dataset_WinXP_SP3/benign_programs_WinXP_SP3/shmgrate.exe,0,0,0,0,26,125,125,0,500,37364,1
101,/Volumes/malware-dataset/benign_program_dataset_WinXP_SP3/benign_programs_WinXP_SP3/sethc.exe,0,0,0,0,38,98,98,0,392,24968,1
102,/Volumes/malware-dataset/benign_program_dataset_WinXP_SP3/benign_programs_WinXP_SP3/ie4uinit.exe,0,0,0,0,33,103,103,0,412,33180,1
103,/Volumes/malware-dataset/benign_program_dataset_WinXP_SP3/benign_programs_WinXP_SP3/dplaysvr.exe,0,0,0,0,22,88,88,0,352,29024,1
104,/Volumes/malware-dataset/benign_program_dataset_WinXP_SP3/benign_programs_WinXP_SP3/rsopprov.exe,0,0,0,0,30,165,165,0,660,62100,1
105,/Volumes/malware-dataset/benign_program_dataset_WinXP_SP3/benign_programs_WinXP_SP3/debug.exe,0,0,0,0,0,0,0,0,0,23178,0
106,/Volumes/malware-dataset/benign_program_dataset_WinXP_SP3/benign_programs_WinXP_SP3/spoolsv.exe,0,0,0,0,53,213,201,0,352,49504,0
107,/Volumes/malware-dataset/benign_program_dataset_WinXP_SP3/benign_programs_WinXP_SP3/nddeapir.exe,0,0,0,0,21,17,17,0,68,4164,1
108,/Volumes/malware-dataset/benign_program_dataset_WinXP_SP3/benign_programs_WinXP_SP3/wpabaln.exe,0,0,0,0,191,52,52,0,208,8400,2
109,/Volumes/malware-dataset/benign_program_dataset_WinXP_SP3/benign_programs_WinXP_SP3/tlntadmn.exe,0,0,0,0,172,128,128,0,512,41472,1
110,/Volumes/malware-dataset/benign_program_dataset_WinXP_SP3/benign_programs_WinXP_SP3/atmadm.exe,0,0,0,0,80,35,35,0,140,8332,1
111,/Volumes/malware-dataset/benign_program_dataset_WinXP_SP3/benign_programs_WinXP_SP3/pentnt.exe,0,0,0,0,41,35,35,0,140,4236,3
112,/Volumes/malware-dataset/benign_program_dataset_WinXP_SP3/benign_programs_WinXP_SP3/clipsrv.exe,0,0,0,0,54,172,172,0,688,33456,2
113,/Volumes/malware-dataset/benign_program_dataset_WinXP_SP3/benign_programs_WinXP_SP3/net1.exe,0,0,0,0,184,267,267,0,1068,111660,0
114,/Volumes/malware-dataset/benign_program_dataset_WinXP_SP3/benign_programs_WinXP_SP3/dvdplay.exe,0,0,0,0,275,21,21,0,84,4180,2
115,/Volumes/malware-dataset/benign_program_dataset_WinXP_SP3/benign_programs_WinXP_SP3/shrpubw.exe,0,0,0,0,219,233,233,0,448,33216,1
116,/Volumes/malware-dataset/benign_program_dataset_WinXP_SP3/benign_programs_WinXP_SP3/fc.exe,0,0,0,0,20,99,99,0,396,12684,3
117,/Volumes/malware-dataset/benign_program_dataset_WinXP_SP3/benign_programs_WinXP_SP3/ntkrnlpa.exe,0,0,0,0,4633,1565,82,0,328,1691208,0
118,/Volumes/malware-dataset/benign_program_dataset_WinXP_SP3/benign_programs_WinXP_SP3/verifier.exe,0,0,0,0,204,323,323,0,476,70108,0
119,/Volumes/malware-dataset/benign_program_dataset_WinXP_SP3/benign_programs_WinXP_SP3/netdde.exe,0,0,0,0,169,233,233,0,932,95140,0
120,/Volumes/malware-dataset/benign_program_dataset_WinXP_SP3/benign_programs_WinXP_SP3/at.exe,0,0,0,0,86,82,82,0,328,16712,1
